{
  "appid": "wx035bd8a1d0289e3e",
  "compileType": "miniprogram",
  "libVersion": "3.10.2",
  "miniprogramRoot": "miniprogram/",
  "cloudfunctionRoot": "functions/",
  "cloudfunctionTemplateRoot": "cloudfunctionTemplate/",
  "packOptions": {
    "ignore": [],
    "include": []
  },
  "setting": {
    "es6": true,
    "postcss": true,
    "minified": true,
    "minifyWXML": true,
    "minifyWXSS": true,
    "uglifyFileName": false,
    "enhance": true,
    "uploadWithSourceMap": true,
    "packNpmManually": false,
    "packNpmRelationList": [],
    "useCompilerPlugins": false,
    "compileWorklet": false,
    "localPlugins": false,
    "disableUseStrict": false,
    "condition": false,
    "swc": false,
    "disableSWC": true,
    "babelSetting": {
      "ignore": [],
      "disablePlugins": [],
      "outputPath": ""
    }
  },
  "editorSetting": {},
  "simulatorPluginLibVersion": {}
}
